0	GB79JXJY10363406534953
1	GB63ECMI50222031083613
2	GB31TRVJ06747418557412
3	GB08QZVP36846067563178
4	GB85YAZH37110741895820
5	GB76DJRV71292847938874
6	GB19UHYX54042391691657
7	GB04EPMX24297295484946
8	GB85FCVI24010449740863
9	GB18XMLB56481623488460
10	GB78CAXF14326991468417
11	GB75JGJY74032338328954
12	GB47JTFZ39077655435684
13	GB90NZWE28261924710428
14	GB56XRQA86257643697805
15	GB94UQIS00396306647929
16	GB59DXEU83686979129422
17	GB90ZNAD83801008852041
18	GB76PSZD26583924058521
19	GB81LXUF84560112488792
20	GB59LXPQ75378555524720
21	GB18GGRG70397769879692
22	GB82ZWOZ89037294473775
23	GB28LUUG65223354182718
24	GB88EDOW10132633972241
25	GB21NEZP85703589097881
26	GB52QTPX39750817736628
27	GB09QXOO47642739017985
28	GB85QVMR87000306286317
29	GB49HXDH61017373059786
30	GB59DXTC96891934730552
31	GB19DPTA56736068692126
32	GB56JEKJ99117164671526
33	GB64ONAF49791150987212
34	GB42RVBZ74585947678596
35	GB95HRKM16519135985966
36	GB67HCVW65763190208256
37	GB94OJON84708137480237
38	GB09CQQM26803135596521
39	GB36IQAO00010042417445
40	GB42RUYR16695926633566
41	GB19YBPP63791246916193
42	GB56YLOW94215817995127
43	GB80DLWR40342924660235
44	GB72XZCQ50592527362701
45	GB93JITH35850067452002
46	GB10QUYQ20975409948422
47	GB51QSTY81101182744833
48	GB83XVQK40904418491332
49	GB68WEUG95613527856641
50	GB65RSHU55409066819546
51	GB98UKYS97263155279153
52	GB25MGCI40297147858093
53	GB39JJID00312192051018
54	GB98TQNK00563748846451
55	GB78AEQD11999747547081
56	GB97VJZY27974622159388
57	GB13OQSY31524471904116
58	GB23EGFL29352174780562
59	GB25SHSY06372031796219
60	GB81KPLG11454224920336
61	GB91ZZRQ50251030831623
62	GB04YBJT73727379778035
63	GB16WVDI71717592568808
64	GB88PKFU10313049869640
65	GB52UMBT23823214110886
66	GB56MOKJ29274060016055
67	GB74RMES33610728995064
68	GB59HSUO52813094407660
69	GB20YLUP36496148161634
70	GB68FKYB41264061419786
71	GB16QVRQ68586954692376
72	GB71AQCW89664636327761
73	GB19MVQT89561828609486
74	GB53VSLZ33108348831310
75	GB60VZVZ98896126006710
76	GB34RAUR29579641314502
77	GB44JWCQ40582946251492
78	GB43KYWN08508230980853
79	GB03GOVV74625949897696
80	GB94BJUW45567986677849
81	GB07XVHS15348509006034
82	GB42ZGRI96696440163204
83	GB36EIJX71644232664307
84	GB61QVJF55411308247789
85	GB63CRJA03105207254651
86	GB08YEJL97155025898270
87	GB27DSYO55889837541170
88	GB15WDTJ82970335770385
89	GB87TBSC41856174613643
90	GB91JEFG08387982780352
91	GB59KHBM95999808369148
92	GB32QNZE08492077947273
93	GB17RKKA92694549703131
94	GB39LPYS02132692227408
95	GB03WJJI08312155152645
96	GB85QEFY83968383546624
97	GB97HKBS53322312493714
98	GB11VAVY12972351676169
99	GB44AGIQ89584518027402
100	GB04YWUX38092993849740
101	GB49AWLR49584337832301
102	GB08QGRC68226256886121
103	GB75ELJK66439220115179
104	GB53ZZQM04826350752565
105	GB46EPHJ87876494392625
106	GB49JYFH41690989483797
107	GB80DDXJ55504066905294
108	GB04QVQG70473487596142
109	GB60WWBO23263662305095
110	GB09XJTF22342888572521
111	GB96BXFZ80720590839770
112	GB48ZTZB94539111669865
113	GB42DDBS18885641961425
114	GB39EVWI01796607635966
115	GB35PIGE40604213479958
116	GB43WCLG42457228370424
117	GB17CVKJ11781195192627
118	GB36ZMJR75864697977151
119	GB22FWSE80975234939342
120	GB33QUNU89799124818251
121	GB26ZUUU64634971213651
122	GB58QLKH51325377367681
123	GB56LGXL47256005431509
124	GB85VYIA12669144048530
125	GB36VLBI16367750222377
126	GB98WMRL96888467557015
127	GB88SFQM51448692989846
128	GB61AYFK91814339580273
129	GB15SQTS51096531494705
130	GB30EXVQ34835918836257
131	GB31ZOZS97745767468988
132	GB15TZTF24915715937871
133	GB56CPHW12201167890606
134	GB69ZUSU56560480979081
135	GB46DFKX97273354794742
136	GB45FHWI11524049991421
137	GB47ZICE10888430227498
138	GB40QJCB62149192251968
139	GB28JNJI06096629494791
140	GB70CNKP33173851430413
141	GB03AEXY14402446517832
142	GB21JEJS88050516528877
143	GB35NPHV45115576359866
144	GB10AQTQ86871994595682
145	GB50MIRT77140871923215
146	GB58ILZL01516766017006
147	GB86IDST18752455037214
148	GB19DVWE56540195351534
149	GB98BTAO74007467198382
150	GB93JMIM87097763271197
151	GB06YXXJ85939480550895
152	GB60MVTV96731958180843
153	GB03QSZL31403493781453
154	GB34YWGC02305842025413
155	GB29GEKM66819505412891
156	GB96LBER65270597845317
157	GB63IHRY63136010501271
158	GB89UICA08467287202235
159	GB60ETEK71367769052855
160	GB83WARA86469142313961
161	GB50EWTE85267243702565
162	GB50GAAB95871114039037
163	GB45JWXP53925837001848
164	GB85WANC38018611047344
165	GB35WZFP79729357283704
166	GB09UULU11159512018220
167	GB37PBCF89021541949424
168	GB43OYLA80761753857542
169	GB54AYTJ00979005399362
170	GB51ETHP02052369035913
171	GB35LJSM74441296864229
172	GB38NPLO12469422668569
173	GB27UHMQ73089878741727
174	GB75RMXR36626908541294
175	GB64KYNW19178205438031
176	GB18IKRR22548459583058
177	GB88WWOA52349649209906
178	GB56CEWQ14514366457273
179	GB11AAYK38449810793994
180	GB43YBRM59391115833805
181	GB93IMYU49837457161930
182	GB79TQFA37906220605966
183	GB80UQQZ45094317659982
184	GB83HHLC25848831684348
185	GB38GTIV15422206157645
186	GB86INWH51610267488062
187	GB75QJEH10829119999229
188	GB52WLIV53409984514422
189	GB54VBDL70943940736118
190	GB60XOHY26980445359592
191	GB64PGOK58716704601679
192	GB79LAGO86752708306653
193	GB87LAML35698160308503
194	GB20RNDX62339843458367
195	GB47BTTK15363155131838
196	GB12MKDG76483686046340
197	GB56GFMC01846868916831
198	GB26QGYC97386420301357
199	GB67DNID41618686473041
200	GB15FAJR67292171681785
201	GB57DAOR46556675088486
202	GB90IKUV53090711132973
203	GB89YISU56228372521191
204	GB33AUXD48732808639496
205	GB97DVLN18922419352890
206	GB62SKLY54954707357289
207	GB59ZQIZ97329370576108
208	GB98NALW97718784475481
209	GB48VQTB05563629424152
210	GB52FPMK47408036701428
211	GB48LVXC07297097437938
212	GB98AJEO74622577150191
213	GB18CYAY16350871594167
214	GB85VFXY67087561052440
215	GB23NPHQ74841052360001
216	GB47RGSG47024230208678
217	GB21XDXH58938654196384
218	GB50FUED71507214233704
219	GB37YLYO47905875634843
220	GB10UKAN35026516569857
221	GB91VOFN42041352272274
222	GB80YGPR27937664266975
223	GB81APCV63758359441752
224	GB56CHOE23298105204747
225	GB52OBVV56834332298486
226	GB36AFNV67375609520622
227	GB85BKWE76600505178459
228	GB85QRMS51843489862037
229	GB65LAQE12121245780291
230	GB82LBIP58308159497217
231	GB92JLYJ71221630788432
232	GB84COVL55757759166690
233	GB37VQCM70426617413264
234	GB57JUZK87352893480426
235	GB61QCTW14555427427752
236	GB34ONRI81884453345715
237	GB67NLVF79151774806577
238	GB24SLLI57132027726154
239	GB84MICS55974048161757
240	GB46UBYN26648386759981
241	GB54XBND70088091276579
242	GB58JDLV85342344579531
243	GB29IDED51154942533011
244	GB16UTRT57272237269310
245	GB56UHYT27985931733308
246	GB05CHFY59969662766619
247	GB97RXUH72985850948593
248	GB74UXVV49274349209477
249	GB78YVBL00265315173801
250	GB76DWTC90311565589210
251	GB22PZFA30504142805743
252	GB60QVKY89493549922115
253	GB36QIAN32692086983641
254	GB94CFTU46625326977435
255	GB13MYSN70199174470978
256	GB11HCXQ17872304923941
257	GB59DEQS78234564089980
258	GB93GKGU14059133512951
259	GB86VQER23772887638953
260	GB46BODY53460880631675
261	GB98HGZD37101761296132
262	GB19HGQT85126043031227
263	GB93CXSK59141161883602
264	GB19WNRD96871965443666
265	GB90MKMM85904865833928
266	GB35FPKO21948866494463
267	GB83UWEV51687166400301
268	GB31KKYZ49307625779443
269	GB86DXHD00141405644293
270	GB50HXNX80923002331443
271	GB90NPPT69748175413812
272	GB14BLQJ78436599637138
273	GB37OEVH21632476087069
274	GB19YUDR63116593132351
275	GB36SKLE98794360324866
276	GB34ARYA57112169586933
277	GB70IXAC27959554776903
278	GB59STSG69220159261234
279	GB12GUFI68944268905164
280	GB06EZHY34233709632982
281	GB20YZAO95999546398700
282	GB72GZZF34494085456086
283	GB89ECKK63725696472801
284	GB77OKDL91576056181338
285	GB50YVNZ02555888445663
286	GB56CPWI17852681623975
287	GB91RKVN46404182473692
288	GB51FZGW09630966341577
289	GB20ULZW66578107291245
290	GB27EYNT47584497234428
291	GB24GHFZ12942015519822
292	GB20PAEF68067796613951
293	GB46GQXY23660765012717
294	GB68WGEN17905753560065
295	GB24LPKS10232276824962
296	GB11SCIV97850876334359
297	GB53YKSW76352974160779
298	GB47DPNU78241155087007
299	GB11CHYK10676559355438
300	GB06ZFOQ81323723005370
301	GB02PWMY73706266632054
302	GB67CXZU34257469408630
303	GB67SRIZ57982671472300
304	GB82KJHJ56304557164893
305	GB58MKXY54385545536363
306	GB75RDQT20807170530708
307	GB04TUYP14028202711747
308	GB23SLRZ16911440921821
309	GB51HCGN13875541511121
310	GB85PKAE37525847189005
311	GB88KTIA59857893990371
312	GB49VOKW51465298301321
313	GB95MJQE48751549724654
314	GB73EHXS46477466925249
315	GB87GSLU59928786760206
316	GB85XZLZ53315009834087
317	GB43WKDH07103253650113
318	GB31FFLA63345685133140
319	GB58CMFZ32711361593393
320	GB44PVXI93514804528950
321	GB39RLCD69269904115746
322	GB74THRL20751089217487
323	GB71ZVSR33433648040020
324	GB86NCAX81914498653285
325	GB79AAFU45750215173249
326	GB83NODW11579952506360
327	GB85HPVB43312631096694
328	GB38ICYK21235014848069
329	GB27TEKJ35519261905387
330	GB93TTQN13381676953321
331	GB81QYEX83393107994080
332	GB90RFVD51728139548970
333	GB30JQUL17096210150069
334	GB25UJDO08424706341538
335	GB51ZXSA01296416735826
336	GB45BLTA40875772973127
337	GB64YFWE50119689869968
338	GB36GZJM93464938788190
339	GB45TXLS66411360785882
340	GB07QCLS98326011785496
341	GB39BNSB66688712275427
342	GB21JKST90926422624740
343	GB90PJXW17272197442308
344	GB45IYGU76282289785134
345	GB41RRVX04823227933923
346	GB03UZUH34001570010291
347	GB98ZQKR69678834217092
348	GB10HJUQ63647785881062
349	GB30WXXN15745839045915
350	GB18QQGS38172629730031
351	GB18NRTS78968722745795
352	GB27KSJR87295384008881
353	GB60BXYC09829928187679
354	GB89COOP56501083697740
355	GB54SEBA51847706816761
356	GB65TMBT52280634027933
357	GB71CIPL61966248199344
358	GB94THFJ66562564812133
359	GB28CEHX87496555346696
360	GB67ZVSC84599900519134
361	GB20XKSC88944523292471
362	GB31AGMW47812787621472
363	GB19BSWF93439901058160
364	GB17RIGM68150804405817
365	GB35VRBG02444824205441
366	GB49ENNW54886213561896
367	GB54RTZW15579473311971
368	GB06VPKZ94724181357003
369	GB49BWMH72122462830590
370	GB63GXRE16558894090088
371	GB64IXVQ45268313538094
372	GB43VHOR54680004961177
373	GB15HHUG93102798431401
374	GB29ZJPM10800138127866
375	GB31IWQG16428613006249
376	GB66XUJF96743712843637
377	GB15ZFZZ45537654365156
378	GB11PGJL55835065890660
379	GB94GDUE42677978480628
380	GB68JOES06803901588771
381	GB97JUHX84618752418204
382	GB09WVZP59259843330020
383	GB26MVKN00441464482132
384	GB21RJVM90137011605026
385	GB09SAWB13813883780220
386	GB34YYXK03003534946913
387	GB45OXTV29089561410783
388	GB56XBQQ03168499623988
389	GB22PBAQ76025847087887
390	GB29OUZJ41649330704137
391	GB85PZCV38650709012926
392	GB28UUOF26274672981156
393	GB78CXKA51979148047401
394	GB93FZSR27173380055455
395	GB53IAVW04977584786516
396	GB49LFZR97300419296313
397	GB07AJKC35481618698505
398	GB50MHMQ38691363476057
399	GB93THWW88410791007515
400	GB21XHBC42544200759939
401	GB45MNCK13234841222607
402	GB82VDUQ28914492684212
403	GB53APRJ29744911071886
404	GB32XOUU90425209741705
405	GB67BQQD42325612787653
406	GB91XBBB96443895493691
407	GB21UKAE28854194998489
408	GB98GSTU51993281590626
409	GB36ABBA03288318487962
410	GB60AOHI18935625200303
411	GB32COWA51626971262331
412	GB92GSYD04637417095767
413	GB47YDFK67958650972166
414	GB56QKAU09781538935187
415	GB94BNKE51669627992191
416	GB03SMHZ31035601000582
417	GB88NJZK60997378144856
418	GB15RCFJ69823491659556
419	GB49TFVZ20641700839330
420	GB81NYMU59091547312901
421	GB82OCOH62157953216326
422	GB52NJSP98515967453785
423	GB60GKFC55726418680115
424	GB30SOXT88222819638124
425	GB91KGRR79983048591125
426	GB26JZHM07972955736044
427	GB98IERC95859053026979
428	GB89PWEJ38706688669471
429	GB20EIBE84655722863304
430	GB04XGHM13923850519180
431	GB87IBXR05049100443108
432	GB84PMKR80241691862928
433	GB12YJDO48657799660690
434	GB85TOTB59361255616556
435	GB94PXWS23462301537523
436	GB83EGVM68165857183859
437	GB69WKPL47185187869947
438	GB07FMGA23485544271561
439	GB31LTHM17606547366937
440	GB13LRXN50514345900812
441	GB75XLKR95070698224263
442	GB66SOTP71431654698797
443	GB95OSLE82522986699777
444	GB42DABM63442386383314
445	GB15UQTG23976190801705
446	GB53YPSL63072770473803
447	GB20RKAL62126709483023
448	GB17YNHL28200570688599
449	GB75TUXQ57041456694917
450	GB62GBYS44437351568431
451	GB84HYHU57461169496688
452	GB23LQYA17593287824666
453	GB42UIHV09171855747005
454	GB81YXOZ46739461128711
455	GB14OJFV73252550362942
456	GB71VHLV98637919550405
457	GB38FPBP38222860228007
458	GB88CTVG29358382169076
459	GB46LPWJ23371743028180
460	GB79XVKL57931348529093
461	GB90AJCY56242081125052
462	GB39YZQH43767414687754
463	GB70EANC90099693452349
464	GB50UHZU86895458605629
465	GB20PIAR88094727960832
466	GB53GFZW58026997913092
467	GB58MOWA97935672175890
468	GB95CLUL65008369040327
469	GB66XVYT40245056580366
470	GB56SKDF54396269091908
471	GB80HBHZ49483915649839
472	GB43WAER94893257665168
473	GB10PDZX02647402312983
474	GB70WHQN44760422142003
475	GB48XAOK12323719875194
476	GB06VPET29253986592581
477	GB13KYTE88243305104572
478	GB59GQDO78580488673639
479	GB77JZPP91358486745380
480	GB57VGHT74701550160932
481	GB46FXWM01693624600396
482	GB73WWFK80287027031087
483	GB35FKYN98494749162063
484	GB13YKSS33568768518069
485	GB28GGZP03139340058635
486	GB38PHFP24377493404285
487	GB90YTYL78821916035239
488	GB50TUIV92576034915533
489	GB33OYIO05518443909364
490	GB85NCEX31733684743114
491	GB88CNJJ60013753605597
492	GB61WPEK44354445551396
493	GB54BUTV42779389009900
494	GB66KDLN93625427611707
495	GB89CWZA39476356390673
496	GB20ORJK05154656672168
497	GB72XAAB26424303699196
498	GB73TGLV94441848499245
499	GB84PZPI32966567273161
500	GB11WXTR37681026121700
501	GB95WSJW61578216122622
502	GB74IUKB20185975882040
503	GB49HPUM41885557817898
504	GB30FBOR61899382814452
505	GB35DNEM01196026107916
506	GB76HRNP23274218090378
507	GB59SMOP55110211071149
508	GB63AVLV35851489340264
509	GB45XDVP61665836561680
510	GB35YRCV38046582810451
511	GB31YTOL27225781922703
512	GB90FRVC11318001481197
513	GB29MSCW13889622386071
514	GB61ICCJ53817981367694
515	GB51YCDE71255676263081
516	GB08TXGF80556155371031
517	GB62SLEG16515679981838
518	GB43LHFE83422061228924
519	GB32QBVW08253732061681
520	GB74IYBS00157265592936
521	GB76ANCZ14607466617320
522	GB16IJEL62613659702058
523	GB75KCHN08699395075839
524	GB07YWZL45556676291291
525	GB87CGTH08982317898035
526	GB12JJIM99450831846110
527	GB53RKUQ35964364158129
528	GB18MKCT53764490869806
529	GB13FETS95058557509698
530	GB36TWIH36096374581357
531	GB66QMGI01527685215085
532	GB44QFVF75157423225176
533	GB58GWOW58981366867735
534	GB97HCIT65125614821198
535	GB57IEYW84942521280975
536	GB62VRTE73994678313483
537	GB46AZFW12236337059401
538	GB52ZNXE73289251774711
539	GB83TGZO95156930068524
540	GB33LWSL23835570785068
541	GB07UNLT08675206454060
542	GB82SRDT63781208648930
543	GB94QSMD31983618372957
544	GB93CTXR02617170975915
545	GB97OTKL47656897701074
546	GB72NPYA05648271033794
547	GB49FJVF05237618237926
548	GB83PXLP28856812785241
549	GB22TCOE35381488871837
550	GB94QJKX50036748212962
551	GB40XKRK69096140457681
552	GB18LIEN91726825993876
553	GB04PHJB81558913228683
554	GB20TQTS47624982068465
555	GB56CWEF01668649601119
556	GB15CCFI34342897664257
557	GB84MCLS14857786979222
558	GB46SSUP79283191577550
559	GB96HDGA76527886722999
560	GB30RBPL58215400445066
561	GB43BASI68216421351744
562	GB59YMOD91308955308410
563	GB91OYGC56260943718763
564	GB16ZQBN69996728505395
565	GB02GYLJ08698172910177
566	GB66VYFU22442690743433
567	GB02JOHR08527739329168
568	GB53ALIL61352806247695
569	GB93TQYL98729135538697
570	GB58HWAA38889968800049
571	GB39TOMN65877380704118
572	GB94HUMV51952164161694
573	GB95SUTS39364195634216
574	GB35YLWH22452362483614
575	GB62LJPU37658832417481
576	GB90YYAM82717093228917
577	GB04FPAN27089516075434
578	GB90VGVH94421988847246
579	GB27RWFS87788135814522
580	GB66UHSN01637664669575
581	GB15ESFY02109397499300
582	GB28EYZB46594101901615
583	GB83LBKO32132474631804
584	GB20WPSV81978335050825
585	GB83HRXZ48907066691525
586	GB22HIHA11024166674570
587	GB57LHQQ72074971658844
588	GB71RQAW38947241078134
589	GB26ADQU79763605871495
590	GB23XTFY85287244296736
591	GB95FTDW88483805287730
592	GB78BVPR18783049952738
593	GB20NNMF02117064905699
594	GB94GORH08111869202572
595	GB45GDIE89670617534509
596	GB40HIBG33789469201054
597	GB50VPFI06217320706077
598	GB17TVUM32216404044723
599	GB44MOWL44650700763808
600	GB90IHMM71815521243870
601	GB53OSHU28912756734092
602	GB07ZENU77809827869344
603	GB79DTSU88478845393033
604	GB40STPP18198697538826
605	GB36NJSI90839263520745
606	GB50SRXJ45542183810690
607	GB45JFWJ32529367220289
608	GB29BMJS40526275830079
609	GB29CMMH13704529210653
610	GB48GRZN77508435128413
611	GB58WVEJ78530537767684
612	GB15FWBJ41618861039196
613	GB16XSKB19711849654432
614	GB97NZEW32838496330983
615	GB80PGVG62180438739477
616	GB45IABE87456247248626
617	GB25CVKH30927194648616
618	GB52YTPS11835360434139
619	GB42CKKN73022548634180
620	GB94HFPZ72203945501386
621	GB94BWMW66712464386833
622	GB84HNTP66194157488389
623	GB16LCJQ08955767841072
624	GB76BIRC97269789011322
625	GB18LHHZ59504469856703
626	GB46ITJV08263389347743
627	GB60WRTI69936692651715
628	GB71EHVD86628079205220
629	GB98GGDT88296821030132
630	GB86HNAY61722875300743
631	GB02LZCH38806717466319
632	GB33GLWT98966883221714
633	GB14MRFV14038065057449
634	GB79WZQC45618019339035
635	GB34KVSM38948612694752
636	GB14PKLI20517827826207
637	GB47AXUM65701298379120
638	GB71QQUU73952793402077
639	GB11PTBJ02718398819066
640	GB43SKJJ31121609170090
641	GB26UKNO05062838668350
642	GB27KTPJ57342608039752
643	GB48YBZQ66665134876663
644	GB11BHIJ33990358376444
645	GB46QLMN58919812263190
646	GB10RQQV11972845231750
647	GB72AGJA95241211673761
648	GB87VFSI38224780272876
649	GB34GVXM65411935286888
650	GB53SMVR36676573640654
651	GB74RKBI42935429911924
652	GB10ZVKA46385278044175
653	GB30GMDU67195565319585
654	GB33ECRK26710049808066
655	GB24RIVF85013544813272
656	GB83HISQ27542792826554
657	GB85EBZU87208871109317
658	GB48UFAE42076823764717
659	GB73JNXN44973589907343
660	GB67PQQW97512375232052
661	GB32ADMX56960961616629
662	GB08LXJV30585594630969
663	GB35DGTG05172810295149
664	GB35BGKV26252555834098
665	GB69MKUL01422877824251
666	GB40BLMH90551079020419
667	GB90ZGHR83424398269060
668	GB48BWMK88535333692214
669	GB65QPWA45774784492385
670	GB06NNEV63593756329040
671	GB59EUVE70527064040861
672	GB91ACYU57616452058363
673	GB98ZZMI57275272264938
674	GB50WABP21484792957602
675	GB25IDDW16148456862173
676	GB13VILV15733841085939
677	GB23RSOD43704985601935
678	GB37FAZS10658912103275
679	GB73TVSO17495352417126
680	GB50MYSB23776276597590
681	GB02HTHF67760325839158
682	GB24LZGO53237824862803
683	GB94ETEU97637338841965
684	GB69UGYP82111010661339
685	GB89ZJLJ27741061837170
686	GB89WZQG28427078585148
687	GB80DNKB20374917172191
688	GB58BYOD03747343203002
689	GB56WZHZ48934396299479
690	GB61JXDV63363188110595
691	GB28OAEV64609609957589
692	GB84FJKA10854410895520
693	GB51RVNE91353203347708
694	GB93XOSE34103589885329
695	GB08ACQL16206260045435
696	GB84UHRC55268772517940
697	GB19BSFP63299473866856
698	GB73CQAI67818173742755
699	GB13TUGT24031847119068
700	GB64UYXD44403600874217
701	GB20BWMO43763924268788
702	GB69DGRS24359986290889
703	GB41IRXS86756963094153
704	GB96BSBA87046419155439
705	GB63DCEW27079289311503
706	GB03SCTY62973482504828
707	GB49DPYB81615149649802
708	GB63IJTO85012040635046
709	GB07CRKA11420755224938
710	GB46STDU00689201729631
711	GB48TUFD80706712471566
712	GB52EAVM49735718296956
713	GB31LXPV56445275873310
714	GB13GBPC72859687619716
715	GB08NOVA60114421554857
716	GB81WVDU98626896754926
717	GB81JRPO45871672058743
718	GB31ETRP96074151067034
719	GB24VDLL82648190833661
720	GB63ORGJ42836205375241
721	GB37ICXQ28400658612829
722	GB33TDAP68896040603841
723	GB81BGCD18115527192865
724	GB93XFYU93901051285414
725	GB39TNKA27942371306768
726	GB47WTXV32325912100068
727	GB87LKDK69878178839820
728	GB24OHJE15527749118679
729	GB69GZLU19429989359299
730	GB41ASFK75854906530863
731	GB56TZHG51489335347499
732	GB02YDEB61109078079941
733	GB10SJIM40639205443755
734	GB59HGAZ58153797779592
735	GB38DXAN84976177439953
736	GB32TTIL02769449233230
737	GB03AFSK19839824408703
738	GB59DKGW75700984745215
739	GB59WFBX18715970742689
740	GB76TXAB14279092703358
741	GB59LLRQ65201294588214
742	GB11EYQQ54291638628300
743	GB55AKJA87581304948906
744	GB08WVTP64877286150363
745	GB72HTXF08654150813750
746	GB74IPSG74723893570588
747	GB57HUCG26673219331233
748	GB79RSLA07676697455921
749	GB19DXGD16500100248425
750	GB87ADKK43110839958629
751	GB15DHQJ88276591102681
752	GB11ZGZG75989924004428
753	GB95QHAD17110157288093
754	GB52ISQY26191313321146
755	GB87UYEF09718937838095
756	GB50VCMJ73909498804752
757	GB55YMRV85563217497572
758	GB27IOLL79941887448859
759	GB98PZAL43680327537654
760	GB32VFEW86890346049788
761	GB98SVJW59763025310419
762	GB25LZET46284242227598
763	GB34RSVF04445101226869
764	GB53COPE15878531754227
765	GB27PKPD48442575601532
766	GB62WNKR61275410549326
767	GB93OASM80289678291550
768	GB38RHDB27864254929608
769	GB05IUTK47003709378615
770	GB68FQND18844973303690
771	GB52QVPM34397388737685
772	GB91EPTZ04295053154240
773	GB28ZALB20487019857761
774	GB44BTPS77950678960941
775	GB79CATS92589081240193
776	GB36ALDV24081191740274
777	GB61XJCF05306427076843
778	GB38KTNV86450046029112
779	GB79REAR02799231914514
780	GB44PMVF99921064749470
781	GB22OFRE49426332603198
782	GB69LHQA90469385909288
783	GB97MLSI56526749175285
784	GB27RRNU22110497929445
785	GB80CJPO81302023067505
786	GB45JXWX10346850520589
787	GB60BUJX07651662687746
788	GB86ONIV02259357120531
789	GB51SLBJ16532265734158
790	GB76OWZD70020719494420
791	GB92XKCD03157635032590
792	GB33VVCF17862023950626
793	GB21EFMG32620312075920
794	GB46CVWR09942156804603
795	GB60JLWO63974401092885
796	GB55FLTM09268231398393
797	GB41BIBF32657055706220
798	GB21MCBF77063352243751
799	GB69ISZY03522732105253
800	GB53LHPH04262365729085
801	GB63VZJN34465981511182
802	GB40JGBJ62172697422267
803	GB96SXEE59563944649130
804	GB20ZPBX81673606341339
805	GB15QWLW58647567561166
806	GB60TFPP85469153195667
807	GB90OQNL62228927092891
808	GB56FUOU89530463556477
809	GB23KYQN58719168299338
810	GB80TIHS14855254077055
811	GB10DBJO58423681609124
812	GB14ILFE12862801350015
813	GB48PPYF58992264206189
814	GB25GCIN62371112296956
815	GB95TCMP81539903192751
816	GB70LOIX43026814360271
817	GB69GXOO02269612692589
818	GB61ZARJ92059884251492
819	GB83JPEG99286546042947
820	GB04AXXL09173507686549
821	GB63RUDA17157861914669
822	GB12VBOF66529370160023
823	GB37OGMF46449601184212
824	GB76NBHK04069376750211
825	GB38UUOX37750245001907
826	GB39ZFMG81195841645923
827	GB66NDZT21045575779782
828	GB87IUMK46490450428780
829	GB87RVXR26971883118636
830	GB09PPFZ39339078966660
831	GB51GMHS98018123096944
832	GB97JNHC40720432020009
833	GB20BXMF85218233710014
834	GB20FCHC75592234889355
835	GB26IRZM43396180081939
836	GB43QCFJ27268902807708
837	GB34RMCT85347686493887
838	GB88EZYP39853307549837
839	GB94PTSD54564659850740
840	GB40GCTK50402269567144
841	GB84PKSZ39525071963373
842	GB42LAHG69269865500746
843	GB68FIXI09413528114035
844	GB72OMBH63104369418533
845	GB94MEQX25818378241047
846	GB73SKDZ58340103372305
847	GB47ZHAJ27160452972434
848	GB85VCHO86648854044433
849	GB28MITJ62583969080813
850	GB48RBZT60154365425471
851	GB94VDEG53859613457831
852	GB98LLTV99830109842766
853	GB31XPFV79700585900390
854	GB07JYKQ40574196783002
855	GB42CXLR15022967490670
856	GB81EJPI30234160830757
857	GB32OWML88928079631549
858	GB68XDWP99330001919159
859	GB75MACN70275094355875
860	GB85JMRQ83444184070712
861	GB97RMZB46572869344191
862	GB49CSFF46226967367014
863	GB90KQWN86054891990316
864	GB49WILI71987698908458
865	GB80XVCQ76284909999061
866	GB82IQMI08164852195461
867	GB06UGKU26034792708296
868	GB68WQZT84880776320858
869	GB41IPNJ59105094687806
870	GB87BAVL34702825036688
871	GB38UEWV68243474343895
872	GB55CVOE65928738213445
873	GB24QBQP13363576956098
874	GB24VCGB60007003941588
875	GB30WAWJ02537020914211
876	GB12CIQH61158530748288
877	GB28DQXH87886351947401
878	GB90WKHP09691149759060
879	GB59EGHZ24875529394971
880	GB39BNGX85989349340067
881	GB03DDOW71284117536268
882	GB15OGOG85027221913734
883	GB76BERA55391842554512
884	GB62PGCY64569097769856
885	GB06GXSN76452357966456
886	GB61JFQY95305827537738
887	GB73VWVQ10445059397169
888	GB97IQAS61920515429320
889	GB31YYCR62390693692757
890	GB35EQPH48823803254572
891	GB20JEGN12664067507709
892	GB93PKXK06280837756472
893	GB30XZGR89943080187808
894	GB58SLBC45328404996678
895	GB97ZXCB14008897258732
896	GB78USAW88164263835429
897	GB27ARSP40832127620109
898	GB08OREW01823815396899
899	GB91CWPG45303419934722
900	GB26GREN72573144781834
901	GB84PKMZ79740754136229
902	GB57WCPV34423835623568
903	GB34DASP24578785901813
904	GB24NIEQ98365641752626
905	GB88YXZN62137982527960
906	GB36IIJH47442989008509
907	GB95MDSF26817229166706
908	GB05JBFB88496751732269
909	GB84QMLU24233441241568
910	GB72QUUT13054546863907
911	GB27FHMT39134359494364
912	GB37TZHI87267562447361
913	GB26JIAH67349880107399
914	GB49CIEW39123675547290
915	GB78KDSM22539034357468
916	GB06FKTX11642585087153
917	GB05UBZU73889442172244
918	GB63SEDG80573118822924
919	GB35SICL95655932965939
920	GB60WWPK39715959561940
921	GB03XDCE09598875023852
922	GB46PKDD86264030946430
923	GB50OXTU47148956570126
924	GB04ZYJR77205075984525
925	GB35GYEI19449037296272
926	GB30DHFS95073235787304
927	GB05UBCY08233572306179
928	GB31QIHP12423853624786
929	GB91SHEI88730707697039
930	GB88OPZT33036148207577
931	GB54MWWV80161354170022
932	GB87EQOY68537293769021
933	GB14FHTI03709996517125
934	GB50BIBB97276059903464
935	GB95CFGP95369727915230
936	GB27RJYI27588021396065
937	GB46PXOF79775392380210
938	GB02TYCJ25812396895520
939	GB79OEOC37532130489088
940	GB79UCSK44205557912837
941	GB56RRLC80445910046304
942	GB74UUAY33622877834238
943	GB47ELAL64800301146932
944	GB63TGHD36465443718510
945	GB93TCKU98935825755939
946	GB16ORRQ59863571229912
947	GB48XLVY76759799012350
948	GB72JMIA70421862941670
949	GB58LZAQ21315977506231
950	GB57WZRV38588017919167
951	GB33KTDH00024216663715
952	GB20BPTZ37616453944651
953	GB55ERNO85226992464713
954	GB47YYBE81096419123202
955	GB44FHVK68835795593594
956	GB62ZPZZ66552706208748
957	GB47OYAO51902674719138
958	GB96PJZH32330784995242
959	GB02SYZE33638563794850
960	GB53WAUM13250871645562
961	GB45NMXQ25999348917938
962	GB82XKJD11070058926577
963	GB74ARGX28111545248612
964	GB39GGDC71302675146972
965	GB97VMIZ42739186180395
966	GB66UNRF01213907864980
967	GB06POFM45897667782355
968	GB55YFHQ26697476532385
969	GB93UONL74521792738373
970	GB43FSNP17848184105711
971	GB76HIDY41944207165327
972	GB76UFAO23746429025379
973	GB59LRPP19445574779068
974	GB35BFPD23307943513593
975	GB80ENOO99016684256310
976	GB40RDGS90975132278415
977	GB38KPFY84430855212539
978	GB28IRLM93593099086430
979	GB23JFMF63514463486866
980	GB85LVYX95904350945488
981	GB77AXUF86454621591657
982	GB83JRRT09462199136750
983	GB81QDPZ44343021735741
984	GB15IEZC87242237367785
985	GB55KSGE33642872232194
986	GB98YBCQ90289834653466
987	GB88FZCN01895876644110
988	GB69RQLG63755126223392
989	GB91KDVB72404622348016
990	GB30MJQW82433803306047
991	GB11LSZO01363552888706
992	GB88BDZD58789495683471
993	GB77WULX31317826425537
994	GB27VVXH14911554457785
995	GB24CSIC82270960260928
996	GB75MAXU40206394047211
997	GB73MBBM75400145592851
998	GB09LMVS52769711521793
999	GB46ZZDB90834848094601
